{
  "hash": "9a2d7b61",
  "configHash": "c0fa8bf7",
  "lockfileHash": "3bfed9b7",
  "browserHash": "bc13ff13",
  "optimized": {
    "@angular/common": {
      "src": "../../../../../../node_modules/@angular/common/fesm2022/common.mjs",
      "file": "@angular_common.js",
      "fileHash": "5f324b65",
      "needsInterop": false
    },
    "@angular/common/http": {
      "src": "../../../../../../node_modules/@angular/common/fesm2022/http.mjs",
      "file": "@angular_common_http.js",
      "fileHash": "4cf00cf8",
      "needsInterop": false
    },
    "@angular/common/locales/es": {
      "src": "../../../../../../node_modules/@angular/common/locales/es.js",
      "file": "@angular_common_locales_es.js",
      "fileHash": "f55fd27e",
      "needsInterop": false
    },
    "@angular/core": {
      "src": "../../../../../../node_modules/@angular/core/fesm2022/core.mjs",
      "file": "@angular_core.js",
      "fileHash": "0b26f922",
      "needsInterop": false
    },
    "@angular/forms": {
      "src": "../../../../../../node_modules/@angular/forms/fesm2022/forms.mjs",
      "file": "@angular_forms.js",
      "fileHash": "6edd04a4",
      "needsInterop": false
    },
    "@angular/platform-browser": {
      "src": "../../../../../../node_modules/@angular/platform-browser/fesm2022/platform-browser.mjs",
      "file": "@angular_platform-browser.js",
      "fileHash": "24c4a869",
      "needsInterop": false
    },
    "@angular/router": {
      "src": "../../../../../../node_modules/@angular/router/fesm2022/router.mjs",
      "file": "@angular_router.js",
      "fileHash": "6b8590b4",
      "needsInterop": false
    },
    "@fullcalendar/angular": {
      "src": "../../../../../../node_modules/@fullcalendar/angular/fesm2020/fullcalendar-angular.mjs",
      "file": "@fullcalendar_angular.js",
      "fileHash": "c3d521ce",
      "needsInterop": false
    },
    "@fullcalendar/core/locales/es": {
      "src": "../../../../../../node_modules/@fullcalendar/core/locales/es.js",
      "file": "@fullcalendar_core_locales_es.js",
      "fileHash": "33ae564c",
      "needsInterop": false
    },
    "@fullcalendar/daygrid": {
      "src": "../../../../../../node_modules/@fullcalendar/daygrid/index.js",
      "file": "@fullcalendar_daygrid.js",
      "fileHash": "480cd257",
      "needsInterop": false
    },
    "@fullcalendar/interaction": {
      "src": "../../../../../../node_modules/@fullcalendar/interaction/index.js",
      "file": "@fullcalendar_interaction.js",
      "fileHash": "fe7e53e1",
      "needsInterop": false
    },
    "angular-calendar": {
      "src": "../../../../../../node_modules/angular-calendar/fesm2022/angular-calendar.mjs",
      "file": "angular-calendar.js",
      "fileHash": "353f2854",
      "needsInterop": false
    },
    "angular-calendar/date-adapters/date-fns": {
      "src": "../../../../../../node_modules/angular-calendar/date-adapters/esm/date-fns/index.js",
      "file": "angular-calendar_date-adapters_date-fns.js",
      "fileHash": "815f93b7",
      "needsInterop": false
    },
    "rxjs": {
      "src": "../../../../../../node_modules/rxjs/dist/esm5/index.js",
      "file": "rxjs.js",
      "fileHash": "81d0a25c",
      "needsInterop": false
    },
    "rxjs/operators": {
      "src": "../../../../../../node_modules/rxjs/dist/esm5/operators/index.js",
      "file": "rxjs_operators.js",
      "fileHash": "3c75f716",
      "needsInterop": false
    },
    "swiper": {
      "src": "../../../../../../node_modules/swiper/swiper.mjs",
      "file": "swiper.js",
      "fileHash": "2bbb989d",
      "needsInterop": false
    },
    "swiper/modules": {
      "src": "../../../../../../node_modules/swiper/modules/index.mjs",
      "file": "swiper_modules.js",
      "fileHash": "88a8be8c",
      "needsInterop": false
    },
    "zone.js": {
      "src": "../../../../../../node_modules/zone.js/fesm2015/zone.js",
      "file": "zone__js.js",
      "fileHash": "dc70ec21",
      "needsInterop": true
    }
  },
  "chunks": {
    "chunk-XRMVAW54": {
      "file": "chunk-XRMVAW54.js"
    },
    "chunk-LJMBVWTV": {
      "file": "chunk-LJMBVWTV.js"
    },
    "chunk-Q4JARNCO": {
      "file": "chunk-Q4JARNCO.js"
    },
    "chunk-WUGBMH6S": {
      "file": "chunk-WUGBMH6S.js"
    },
    "chunk-DDGYUQGD": {
      "file": "chunk-DDGYUQGD.js"
    },
    "chunk-RDHXSB74": {
      "file": "chunk-RDHXSB74.js"
    },
    "chunk-N7BMLK4U": {
      "file": "chunk-N7BMLK4U.js"
    },
    "chunk-HWYXSU2G": {
      "file": "chunk-HWYXSU2G.js"
    },
    "chunk-JRFR6BLO": {
      "file": "chunk-JRFR6BLO.js"
    },
    "chunk-MARUHEWW": {
      "file": "chunk-MARUHEWW.js"
    },
    "chunk-WDMUDEB6": {
      "file": "chunk-WDMUDEB6.js"
    }
  }
}